Answer.choice,Answer.honest,Answer.proficient,Answer.recognition,Answer.responseValue,Answer.rtData,Answer.shuffle,Answer.vision
"[0.7122781687232587,0.9063619409646244,0.1553556293179621,0.7955341359674086,0.7955341359674086,0.26469012335212216,0.5960602839435816,0.07081363045547118,0.06483490494247124,0.24054875931558328,0.20269180784468666,0.8404152213232887,0.5661145989624798,0.6169551435040657,0.04004741057848071,0.027031966185996126,0.9734998893042257,0.21646556664005723,0.8189013153294367,0.9132688115392034,0.8518210511985409,0.5846918404373105,0.21857839463754303,0.09506901821576652,0.36430423840952164,0.2770487088600009,0.4870633367090982,0.31128423936896654,0.48879686656015875,0.0844509783475289,0.3586483241216094,0.18393366101478992,0.44129896361645216,0.9664187024057358,0.5749131537487422,0.7365189608063274,0.7892202016287346,0.47030068137120695,0.47855243502594225,0.9858355516198507,0.9400271728955247,0.232322003465663,0.15011035543499474,0.6677565238911451,0.8744337946501761,0.7773794765428053,0.46003489806826714,0.9544375271376728,0.45559322331130603,0.6602164702280171,0.03267441224128409,0.8884576867259129,0.49161226626637,0.3945178959200679,0.7820142289116059,0.5687316587441087,0.9446902723957311,0.11032897068419167,0.7002981149989185,0.9944507265104039,0.5439297887136494,0.03496867294807604,0.8004536997314491,0.6016421756292436,0.46362306195006786,0.1817339370960782,0.8765954637760744,0.3702377752216719,0.2655012595220463,0.43829183886542844,0.9637288774591846,0.47867977435733033,0.6517155370288217,0.9854697138576249,0.637841341014497,0.47407378550797086]",,2,yes,"[""3"",""4"",""2"",""3"",null,""1"",""4"",""2"",""1"",""2"",""4"",""3"",""5"",""2"",""4"",""2"",""2"",""2"",""2"",""2"",""2"",""2"",""2"",""4"",""4"",""1"",""5"",""5"",""2"",""5"",""4"",""4"",""2"",""1"",""2"",""1"",""1"",""5"",""3"",""1"",""1"",""1"",""3"",""2"",""3"",""5"",""5"",""2"",""2"",""3"",""5"",""1"",""5"",""3"",""2"",""5"",""2"",""4"",""3"",""1"",""4"",""2"",""3"",""4"",""2"",""2"",""2"",""5"",""2"",""5"",""1"",""5"",""5"",""4"",""1"",""4""]","[8016,5053,5603,5761,36415,4922,4296,4543,4421,7074,4622,5267,4361,4615,3998,4804,3885,4094,4362,4522,4632,3809,3732,4076,4567,4322,4575,4195,4185,4704,4892,3912,3886,4084,4273,4020,3917,3757,4437,4109,4204,4463,4016,3885,5547,4016,3758,4111,3665,4212,4110,3869,4894,3904,5150,4291,3974,3491,5556,4376,4310,5417,4145,5961,3899,4676,6327,4742,4578,3947,4574,4396,5699,5168,4420,4204]","[0,1,2,3,26,8,64,5,10,44,42,71,24,21,67,75,65,14,25,27,35,62,48,41,74,23,11,4,46,49,69,73,32,53,17,12,70,58,20,31,29,54,68,40,22,13,47,57,28,61,30,33,59,9,51,63,66,43,36,60,56,34,72,16,38,55,6,45,15,52,39,37,18,19,50,7]",1
"[0.2893782454872227,0.15823665619676208,0.10419851179621564,0.5394024514692723,0.5394024514692723,0.8695396548735728,0.9820087775163326,0.8958670798043791,0.7100078668163026,0.10553876103976823,0.436587661977506,0.7822268886968406,0.5364319304207563,0.40403808955436027,0.3319711362726734,0.8721843868632193,0.838665051869526,0.1760344677116299,0.8384119481780732,0.04080771736437394,0.1208150099221279,0.4071027620958376,0.3689985464676677,0.3594269055214403,0.20906713229621054,0.44014133194858296,0.9779222903039912,0.6851242955600316,0.5665944536179668,0.2928978747574875,0.13034212340695794,0.9031964002980988,0.3472930931050715,0.3450586681907315,0.34839634297065936,0.9678361372231747,0.23066146204733107,0.5325559697181044,0.794745501212893,0.714045281482727,0.47031927381111327,0.9287064238790272,0.3424632262659564,0.20915872586044593,0.775941448527979,0.10258792779539849,0.23580609295923094,0.7991700072462802,0.05170500183771565,0.5131521536813926,0.6023632382662374,0.3470075436579998,0.23260533503595737,0.40996766633711523,0.2552014673918448,0.4728033105286682,0.15153382401330084,0.9688474721133695,0.5288958967018904,0.9993678930722425,0.0935569327563075,0.6686801030503011,0.9173299474855034,0.4890322968306333,0.6958640989677707,0.08774254908202384,0.9052929000817564,0.23957273964303938,0.18356930670402738,0.6137935586946006,0.2179891486040062,0.5340258043034904,0.5774591177174282,0.9479040996091921,0.9031050830605949,0.14070870802473423]",,1,no,"[""4"",""3"",""5"",""3"",null,""4"",""3"",""4"",""3"",""4"",""2"",""3"",""3"",""4"",""3"",""4"",""3"",""4"",""3"",""2"",""3"",""2"",""4"",""3"",""4"",""2"",""4"",""4"",""2"",""3"",""4"",""2"",""3"",""4"",""2"",""4"",""3"",""4"",""2"",""2"",""4"",""2"",""4"",""3"",""4"",""3"",""2"",""2"",""1"",""4"",""3"",""4"",""2"",""3"",""3"",""4"",""2"",""3"",""4"",""3"",""2"",""4"",""2"",""3"",""4"",""2"",""3"",""2"",""4"",""3"",""2"",""4"",""3"",""2"",""5"",""2""]","[5101,6170,5711,5456,7824,4839,100894,5527,4623,7655,5184,5159,7240,5600,4567,4253,4215,4191,4311,4479,5127,4871,4143,4520,4415,6432,4112,4199,4335,7703,4255,4559,5191,4295,5104,8182,8295,4447,3255,5263,4055,4503,4279,4392,5999,3992,5744,4983,5023,4959,4191,4024,4528,4888,4144,5055,6104,5520,5039,5231,5120,4199,4111,4640,4263,4240,5040,4672,5216,5247,3408,4430,4423,4695,5007,4360]","[0,1,2,3,60,50,36,14,34,10,41,12,43,35,27,31,55,69,57,48,25,4,37,15,51,68,70,62,58,17,13,47,45,7,18,8,71,33,73,32,22,11,74,16,30,59,26,61,29,54,9,28,67,72,23,75,63,44,5,39,64,6,21,46,49,66,56,65,19,40,20,52,42,38,53,24]",2
"[0.23951674956786073,0.8650236891777494,0.9272959294066627,0.5704376260280111,0.5704376260280111,0.4139155254762761,0.7066412340361699,0.39804061919447076,0.9272514862891443,0.7022966422597747,0.3110810597622824,0.5564519698262456,0.7001399336961562,0.9525030621314206,0.7873521490922295,0.7742980701744699,0.9894601046012985,0.6893549612953545,0.9767450947529224,0.6620986326834719,0.7034146671184014,0.6799528242497526,0.13883462247258604,0.022809526114900613,0.16910773655846034,0.0653037122316702,0.6563368532674163,0.8116462787045275,0.0687580659717848,0.24993883150772622,0.9090252848476126,0.8880220894263695,0.035825611461974605,0.4789258916355439,0.32508958900887297,0.042161600389589715,0.686238403605707,0.039183936725609714,0.79761939197896,0.8683278674686972,0.09457469466077817,0.7420887330178367,0.7041553340611559,0.031707168396580165,0.39659116875703915,0.4080444601980091,0.06346429781900564,0.4558755219892847,0.5667545747084088,0.4146880579830572,0.2778339069887894,0.9690911570190603,0.9674023727742869,0.09063960263639292,0.07348107656492453,0.5266070976871629,0.6169275091645177,0.10861790223703327,0.5566649477137777,0.0996633231629398,0.9996947538632266,0.9580701678861692,0.3676642573861044,0.5762418773373046,0.6918435676623658,0.5134933748857027,0.30544441768397457,0.8709070774320165,0.027231167177046878,0.05856488224012413,0.36566964797752743,0.19344560937146849,0.8242176468029005,0.6373311580720773,0.8616923900556825,0.6468623700330305]",4,1,no,"[""2"",""2"",""3"",""5"",""5"",""3"",""5"",""2"",""3"",""3"",""4"",""5"",""4"",""3"",""4"",""3"",""4"",""5"",""1"",""5"",""4"",""5"",""2"",""2"",""3"",""2"",""4"",""2"",""2"",""2"",""2"",""2"",""1"",""4"",""3"",""1"",""5"",""2"",""4"",""1"",""1"",""5"",""5"",""3"",""1"",""4"",""2"",""4"",""4"",""5"",""2"",""2"",""1"",""2"",""2"",""3"",""5"",""3"",""5"",""2"",""2"",""2"",""2"",""5"",""5"",""4"",""2"",""2"",""1"",""2"",""3"",""2"",""1"",""3"",""2"",""4""]","[5793,6267,4820,6164,35741,4676,4465,4314,5041,4440,4087,5154,3802,3755,3967,4157,4304,5738,4424,4397,3843,4469,5187,6285,4762,4272,5816,4420,4726,11524,4786,3991,8254,4879,4920,4847,4196,3863,4753,4246,4594,4208,3930,5208,5000,4931,4870,5022,3987,4285,4799,4537,5198,3909,3927,4041,4853,5310,4378,5475,22413,4335,16795,9231,5440,4584,3806,4082,5563,4521,4284,4494,4240,3732,3784,4996]","[0,1,2,3,35,61,69,20,74,23,43,13,10,32,5,37,40,75,39,14,28,71,49,21,46,30,54,53,68,17,73,67,45,64,19,55,56,51,15,31,4,26,38,34,62,12,41,18,63,33,60,16,6,57,48,7,9,24,52,29,47,22,27,70,66,25,72,36,8,11,44,65,50,59,58,42]",1
"[0.924362520733452,0.15877862808700893,0.40097840252626105,0.026976380913720233,0.026976380913720233,0.9622262223077545,0.8730590563267064,0.42078200095593243,0.8855997727048535,0.015049999035692707,0.30736549932597024,0.6868642431866414,0.7377093274319626,0.06299960761025725,0.5987289202096282,0.03768199717741516,0.929491339747357,0.14505919881827656,0.20656037153272333,0.9231950033376066,0.28073973926303597,0.7977483755410606,0.21102878352767562,0.732452780820922,0.409119593553817,0.7139794109265978,0.13724684591876657,0.31288060824859265,0.3073449421580925,0.15105798473344678,0.02967112493416013,0.6980053873327354,0.3466882621435772,0.4371736671784905,0.6663966913237145,0.15573297565444033,0.4134578577340846,0.8815010412006947,0.1150841214770375,0.9968765992363877,0.8588079482429851,0.6830373453886063,0.22297159400079147,0.5005440823383671,0.2200912839629796,0.7742205254167223,0.3051018344702896,0.4470537874625393,0.7994810271846784,0.3405878440976877,0.9015732395196712,0.2716617530504948,0.5251592570977615,0.2480002625522495,0.8639857043205121,0.5368068717626142,0.7382351051762,0.7859952434195356,0.652016013948596,0.28463055405093396,0.32698103669549794,0.36085239380250367,0.9228539334543895,0.8569689296473206,0.5817071962095492,0.43693365171627496,0.8766646512617959,0.23448809408151972,0.64516788407428,0.29004404853695953,0.4009859011541712,0.17738342357602366,0.19698530139343995,0.0800325923949814,0.2458458063182991,0.976691104753149]",,1,no,"[""2"",""3"",""4"",""3"",null,""3"",""2"",""4"",""2"",""3"",""2"",""3"",""4"",""3"",""3"",""2"",""2"",""2"",""2"",""3"",""2"",""4"",""2"",""4"",""3"",""4"",""2"",""2"",""2"",""3"",""2"",""4"",""2"",""3"",""3"",""3"",""3"",""3"",""2"",""2"",""2"",""3"",""2"",""3"",""3"",""4"",""3"",""4"",""3"",""3"",""2"",""2"",""4"",""3"",""3"",""4"",""4"",""4"",""4"",""2"",""3"",""2"",""2"",""2"",""3"",""4"",""4"",""3"",""4"",""4"",""3"",""3"",""3"",""1"",""2"",""3""]","[4040,5622,5744,4747,10523,4191,4634,5273,4545,5054,4567,3780,3712,4589,6525,4403,4642,4417,4259,4425,4065,4342,4185,5272,6383,4703,4424,4680,4890,73874,4193,4236,3825,3749,4117,4567,4410,5303,4042,110714,3997,3840,4657,4282,3173,4800,30217,3779,4223,3127,4545,3052,4087,4028,3764,3659,3899,4208,10252,6337,3030,3668,3787,4192,3120,6277,2467,2042,3738,3026,2684,2530,3112,3956,3470,3115]","[0,1,2,3,68,28,21,46,61,12,36,22,42,51,7,6,70,25,26,19,13,58,71,35,8,18,52,74,27,14,65,38,15,5,9,20,10,16,73,4,75,72,67,69,37,17,41,53,34,31,33,47,55,49,45,43,40,32,29,11,63,50,57,30,62,60,23,59,39,56,44,54,24,66,64,48]",1
"[0.009075295801875938,0.10678073701275381,0.24742958142163818,0.9038405944849222,0.9038405944849222,0.3933430478626586,0.7885889149629485,0.020281313705471704,0.0068436427198794725,0.9723612776509969,0.6095217345081454,0.22909091850212293,0.5385778993124197,0.4800599558059053,0.0734833670697912,0.4418005452749423,0.09035854014991607,0.25141399920177376,0.2912933158482707,0.5520703242999693,0.9476576666031796,0.8652282233657308,0.7369328098653972,0.4596701714856669,0.1880570962563115,0.6043325729454906,0.6830708569039238,0.13921279481356597,0.4798210592634231,0.7841247334764452,0.534982699759346,0.7439958667521386,0.05841752512595588,0.49506185082816756,0.7084471285937393,0.9838615137731106,0.018458852603824405,0.3378872219726591,0.49741623432252025,0.7048756140576838,0.9951168291782125,0.06824332405781641,0.06513463708139822,0.491878711260578,0.4807353667063503,0.2945763841939093,0.36318754123983166,0.2572203106105002,0.49440537546158647,0.8478108763403581,0.7804113537695253,0.9134971612109869,0.023058197468003305,0.5721919635889767,0.2301314068193575,0.5462539076133862,0.535268867599311,0.09565096302775478,0.7216669667812288,0.1918128492622878,0.6362214186871779,0.23664377540241766,0.48777645006060366,0.37949472661363537,0.7020866606339871,0.8241519979477004,0.9663114596909463,0.9616215122167822,0.8189598079007553,0.7800840215359361,0.7919990420799624,0.07016399203438672,0.7742104005189997,0.9278719708398991,0.7090881627277624,0.01741471534710448]",,1,no,"[""2"",""4"",""1"",""4"",null,""5"",""2"",""2"",""4"",""4"",""1"",""2"",""2"",""2"",""2"",""4"",""2"",""5"",""4"",""5"",""4"",""2"",""1"",""2"",""4"",""4"",""1"",""2"",""1"",""5"",""4"",""4"",""4"",""1"",""1"",""2"",""2"",""4"",""4"",""5"",""2"",""4"",""2"",""5"",""4"",""2"",""2"",""3"",""4"",""1"",""1"",""1"",""4"",""5"",""3"",""4"",""1"",""3"",""2"",""4"",""5"",""1"",""4"",""1"",""5"",""3"",""2"",""1"",""1"",""5"",""2"",""4"",""3"",""4"",""2"",""4""]","[11807,5872,4208,4558,6709,4035,4524,5017,4098,5424,4755,4822,4881,4845,4880,4290,6665,4560,4261,5102,5601,4458,4829,4613,4260,4240,4350,5295,4638,4474,4129,5236,5038,5068,4844,4635,5229,4580,5586,5011,5135,4395,4476,5105,4181,5566,4600,4150,5261,4848,4945,4358,4355,5626,4883,4593,4517,4499,4784,4612,4658,4631,5548,4527,4701,4779,4346,4808,4269,5187,5757,5751,7252,5233,4850,4231]","[0,1,2,3,50,34,10,16,14,33,29,40,23,19,58,9,31,69,12,65,20,11,67,47,59,30,21,41,53,68,73,39,66,49,75,6,74,64,70,32,54,38,24,57,61,37,46,18,26,44,4,28,8,43,35,7,42,25,56,71,22,51,62,27,63,15,17,55,36,5,60,72,48,13,45,52]",1
"[0.3875384171366474,0.2535967330570177,0.11026325816811111,0.8321929619909707,0.8321929619909707,0.06202659328154625,0.6000697926867915,0.5401618612060173,0.16278496127494435,0.08519765276941516,0.9634527912258812,0.18011424571309154,0.7969242430926218,0.822488568996284,0.3049680370018819,0.9802732944654076,0.2180126324213143,0.16437135970186434,0.9029914117162423,0.5922037785139775,0.10753004775317199,0.320773585706418,0.7226042679495941,0.8942313259732166,0.4344333648476184,0.9522697292794182,0.9187621435908413,0.5917857361696779,0.0430079062026969,0.9153124644298112,0.14020106322866654,0.08083520690732371,0.7353476935132797,0.895059264113885,0.2863229589156553,0.9886703870565314,0.6151921940773999,0.12336689230952014,0.37295590228231656,0.9712468051828886,0.03849347588276153,0.6827221362610498,0.38591441784103453,0.38010307274021526,0.8137593063722808,0.41563330380132824,0.7407999073934313,0.4548234509652871,0.9895744568766236,0.6558007220033191,0.8147409605530691,0.7190204632385171,0.6395216934413486,0.5312423242021025,0.21651090083036117,0.3691940224109267,0.2713644712169785,0.7152099222524355,0.8207874531960657,0.216236741529374,0.759857553876131,0.1260121863440682,0.9652246338606902,0.20358501526958017,0.47984453747930234,0.3749854644813262,0.21198464344463686,0.5641485423976826,0.5012089192891882,0.41018193640517686,0.6028709947625037,0.8766019433913621,0.23472860742581791,0.4264332881812576,0.46346821244586867,0.3516279764210597]",,2,no,"[""3"",""4"",""1"",""3"",null,""3"",""5"",""1"",""3"",""3"",""2"",""4"",""2"",""2"",""1"",""3"",""4"",""3"",""4"",""4"",""1"",""2"",""5"",""2"",""4"",""2"",""3"",""2"",""3"",""1"",""3"",""5"",""2"",""3"",""3"",""2"",""5"",""1"",""3"",""1"",""3"",""3"",""2"",""3"",""3"",""4"",""5"",""4"",""1"",""3"",""4"",""3"",""3"",""4"",""2"",""4"",""3"",""3"",""4"",""2"",""3"",""1"",""3"",""3"",""3"",""2"",""3"",""5"",""4"",""5"",""3"",""1"",""2"",""3"",""3"",""3""]","[9165,4707,5368,18199,20936,4055,4774,5542,4902,4541,5997,4880,4805,5006,4974,5238,4958,4790,4277,4311,4156,4613,5135,5476,5259,4369,4710,4799,4322,4954,4352,5486,4295,3926,3864,4701,4214,4775,4405,4862,6943,3869,4321,6091,3958,5372,4273,7502,4750,3957,3951,5182,4759,4926,4351,5216,4085,4103,4438,4150,4176,4767,3487,3585,5003,4655,5069,4121,4892,3806,3855,11197,4774,5405,4039,3838]","[0,1,2,3,42,6,37,70,14,41,75,48,4,66,60,12,68,50,40,5,55,31,24,61,8,53,44,7,72,63,67,74,52,22,18,9,11,43,20,27,28,49,62,38,39,47,54,19,33,69,64,15,23,35,29,16,46,51,32,10,25,58,57,34,17,56,45,65,21,71,59,13,73,30,36,26]",1
"[0.053417851481659895,0.2303173051412617,0.31799368848949827,0.5695462200454371,0.5695462200454371,0.470777954966765,0.7061638075655488,0.9298825423746813,0.6924047374826361,0.46732522963276524,0.9653934472147123,0.24002787375605683,0.9797696101090476,0.4047456533832281,0.8141733767163473,0.502984549477336,0.2918459298533711,0.9439538995855017,0.051112378957345994,0.5442704520655017,0.6057005065077783,0.13856675621976478,0.6870982756733799,0.7188719755995994,0.09610868220770996,0.9385701794437338,0.6179986553796226,0.2822684227458232,0.4460659792068551,0.8797489233638456,0.6604995997923964,0.8914542999550905,0.4891014323025038,0.22936625951191214,0.3671305302961574,0.4825822248845595,0.6137636580556911,0.1553090518995761,0.7366644173373487,0.26272533465434633,0.25295016127135184,0.4642561028483523,0.4785188793176054,0.507099217517047,0.08951067073782193,0.7919444281287715,0.6298714268084176,0.5342033967647695,0.823172447864096,0.11616114143988687,0.12390301411447058,0.6919395565752586,0.5296735954508445,0.35591929296764535,0.782265553614415,0.7423430648505149,0.19409928884119187,0.04959637067863243,0.08334483594112196,0.9242644260972688,0.6344727704530713,0.7971116914413658,0.41521692469691174,0.26577280569080086,0.5646304780558431,0.9603847420541782,0.09315746395669522,0.08633124274513393,0.6999657987327235,0.24749727288611467,0.6341999984318121,0.07837301914897532,0.14589471513260777,0.22192347493359343,0.6727292172751373,0.31812390942805746]",,1,no,"[""4"",""3"",""2"",""2"",null,""3"",""3"",""2"",""4"",""4"",""1"",""2"",""4"",""4"",""4"",""3"",""1"",""4"",""4"",""3"",""3"",""3"",""3"",""3"",""3"",""3"",""3"",""3"",""3"",""2"",""4"",""3"",""4"",""4"",""4"",""3"",""3"",""2"",""4"",""2"",""4"",""2"",""4"",""2"",""2"",""4"",""3"",""3"",""3"",""3"",""2"",""3"",""2"",""3"",""4"",""5"",""3"",""3"",""2"",""2"",""4"",""4"",""2"",""4"",""3"",""2"",""4"",""3"",""3"",""2"",""4"",""4"",""3"",""3"",""3"",""3""]","[419294,4266,4503,3180,15616,4288,4064,4292,4952,103508,5967,4128,4256,4223,4071,42420,5544,4056,178304,5848,4024,3084,4140,4120,4440,3996,3156,3224,8396,4216,6232,127980,4455,4044,57456,4608,3180,5088,4980,6732,12124,4024,4775,4425,3843,5976,3228,3859,4456,4380,4432,3632,5152,4123,3168,3291,3619,3128,3140,4020,4092,4052,4448,4632,3172,3156,3760,3748,3163,4000,3780,3816,3920,3668,3696,216840]","[0,1,2,3,10,51,49,25,75,8,62,13,41,26,18,55,14,42,47,40,7,6,15,45,46,38,30,17,73,53,19,32,64,68,52,9,34,21,22,28,61,67,35,57,66,54,58,56,48,24,16,43,39,72,70,60,59,63,23,20,5,31,4,44,37,33,29,12,27,69,74,36,50,71,65,11]",1
"[0.22760704348220284,0.20675753203007607,0.24136164197190935,0.6941861773698597,0.6941861773698597,0.43018470814988596,0.8454059399561189,0.0021916286858192358,0.34130484598524924,0.7382919689716256,0.35347851372096284,0.7404753393249994,0.7131135843168623,0.8532258055280557,0.3922803441816378,0.7685739373562253,0.1627207440424141,0.6007947272820195,0.25749003214737365,0.410136662819528,0.1935995931776242,0.8872759017788678,0.7178254599716416,0.11090174713865109,0.6497975653002297,0.551492955106069,0.07689240241719797,0.8801019786907291,0.11119484090589604,0.8763917821385654,0.5316213910489092,0.12274366206739429,0.7089613834582733,0.667988777661517,0.8842358571171662,0.5574644542826865,0.5610477790621635,0.7813585740845173,0.6490259028530718,0.6707381930115934,0.5531317591848908,0.06260576386109884,0.33805344024949724,0.4024362720273793,0.5335286525550378,0.8111905009593314,0.3667116290299124,0.8421845761256448,0.5419756177708996,0.7185397049572366,0.20690334296407742,0.20769592662400616,0.5035093432414655,0.7989229528613915,0.99228509627125,0.28707760385737013,0.04858363957429446,0.0652181315107796,0.349198731464188,0.3428794285607841,0.9398443690629394,0.731609357560518,0.11887530504801203,0.8305666975284884,0.41994734169445525,0.19397086582082457,0.604563922121363,0.4257987469569606,0.8776704181999537,0.024279421008574387,0.27144284727747836,0.8823669714193345,0.13509375138228186,0.5475652587375732,0.6426619338991839,0.5160408824214617]",3,1,no,"[""2"",""4"",""3"",""2"",""2"",""3"",""4"",""2"",""2"",""3"",""4"",""2"",""3"",""4"",""2"",""4"",""2"",""4"",""4"",""5"",""3"",""2"",""3"",""4"",""2"",""3"",""1"",""4"",""2"",""3"",""4"",""2"",""3"",""4"",""3"",""4"",""3"",""4"",""2"",""5"",""4"",""3"",""4"",""4"",""5"",""3"",""2"",""3"",""5"",""4"",""2"",""3"",""4"",""5"",""2"",""4"",""2"",""3"",""4"",""2"",""2"",""4"",""2"",""2"",""4"",""2"",""4"",""4"",""2"",""2"",""4"",""2"",""3"",""4"",""4"",""3""]","[5530,7155,5217,4469,8655,6883,4367,4308,7312,4416,4487,4567,4356,4490,4527,5388,5347,5227,7512,6210,4847,4448,5110,4449,4587,4657,5139,4908,5769,5619,5118,4758,4268,5097,6630,11471,4828,4798,4907,6611,4399,4196,4209,5039,4799,5192,5089,4510,6253,4540,4376,4068,4458,4929,6952,4527,5220,7038,5277,5730,6193,4385,5220,5179,7207,10799,8227,17266,6555,24095,24842,5462,5559,10558,19575,4049]","[0,1,2,3,75,42,24,7,59,32,56,6,9,61,36,49,57,27,44,21,29,64,34,19,50,5,10,54,40,13,16,18,41,17,35,20,62,52,14,33,55,22,37,23,67,26,48,68,28,15,66,58,69,51,4,63,74,53,12,60,31,71,45,11,25,8,73,38,46,72,70,47,65,30,39,43]",
"[0.010339370301606143,0.05639142577657519,0.4679185724884747,0.3184403367983697,0.3184403367983697,0.2103903835649421,0.7458691127009109,0.5725963235464229,0.603462780870277,0.6435974445992962,0.0627638318966397,0.10954018349194583,0.9259583805979101,0.18242667601353135,0.8675778050127119,0.5700260853761074,0.8309192188382188,0.11879710629634022,0.6211013001711212,0.21543010618040537,0.4838931354573537,0.7372400688434717,0.21962058515559746,0.9206178706064103,0.17888891621135738,0.8205664253163305,0.5990719080577147,0.3693313699928302,0.6607285062594155,0.1586482372155209,0.8888067464290361,0.1413935344458328,0.5174813586113507,0.5383988812666802,0.5633823413318104,0.668999755141704,0.10465504307822138,0.6665910608950569,0.8020982133331,0.47068954983267886,0.4796507134513761,0.6549143367975152,0.08308062336936817,0.17565818042752257,0.541647875263785,0.7702974544024923,0.7923900509511932,0.025118474626709242,0.17364023662219452,0.10306026809798174,0.09879269421053705,0.8348489806830486,0.18249046914156986,0.17154769228300548,0.651778535698734,0.4642734508572679,0.1524403053450758,0.14170270674051766,0.47996288240786344,0.01320175732217832,0.06799857730139713,0.52777642993391,0.35699174417736024,0.8134741840188049,0.9153180574323503,0.6618772238094048,0.05738738811181143,0.29558896106730614,0.8850084131491696,0.010180076466237198,0.8353003513812955,0.03894792436950256,0.1386164423646521,0.7782143269382176,0.5200542665104773,0.5572883843871754]",,1,no,"[""2"",""2"",""2"",""4"",null,""1"",""4"",""2"",""3"",""3"",""4"",""4"",""2"",""4"",""4"",""2"",""2"",""3"",""4"",""3"",""3"",""1"",""1"",""4"",""3"",""3"",""4"",""2"",""4"",""4"",""2"",""5"",""4"",""3"",""3"",""2"",""3"",""4"",""2"",""4"",""3"",""5"",""1"",""3"",""1"",""3"",""4"",""5"",""3"",""4"",""4"",""2"",""3"",""2"",""1"",""5"",""3"",""5"",""4"",""3"",""2"",""4"",""5"",""2"",""3"",""1"",""5"",""1"",""5"",""3"",""4"",""3"",""3"",""2"",""4"",""3""]","[7367,3816,3780,3584,5156,5347,5138,4442,5334,3961,4482,4336,4036,3865,3816,3555,3594,3358,3596,3537,3149,4621,4357,3673,3544,3879,3824,4467,4754,6114,3764,2768,4070,3725,2686,2652,3886,3479,3725,4322,3729,3759,3730,14318,15767,3729,3029,3910,7059,3619,4222,3990,3789,3799,3887,3729,3097,4396,3063,3769,3818,3699,3664,3588,3882,4115,4185,3946,3585,3635,3018,3693,4964,3574,3810,4669]","[0,1,2,3,33,22,30,60,49,73,20,42,43,8,57,34,23,44,26,69,21,53,10,40,32,54,61,63,71,64,27,39,55,31,14,7,18,9,4,58,37,29,50,68,47,12,67,35,24,59,25,6,74,38,65,52,13,70,15,16,46,11,66,51,41,48,72,19,36,5,56,75,62,28,45,17]",1
"[0.8662233357709617,0.47358478646478774,0.6624438825123506,0.8897506238134572,0.8897506238134572,0.3111180094821675,0.10268482107863353,0.5143556400435487,0.6922084283171177,0.7998874179851283,0.2240104995017298,0.7900855838649774,0.7116945111959705,0.900818896914187,0.7484286945339138,0.07595959793103768,0.2856945869425753,0.7036114848717554,0.6041652446552519,0.16252863741486845,0.7762355159628649,0.08935320095686938,0.47824450304111443,0.9858124931049712,0.9981104702245007,0.5899561144711012,0.9657880811694248,0.3321588287123116,0.4474488276645159,0.3395761779579014,0.6026061466654944,0.74058502225045,0.1766935637738689,0.5575734516903208,0.16076964637348712,0.9599980499318426,0.6937660488485244,0.4156165338303177,0.11771533166305592,0.9312809231616423,0.26393100053696905,0.16191584083493415,0.43168401922098876,0.7183399126310306,0.2943138565161427,0.4007011177766324,0.7880103459890728,0.8458642324650021,0.3592466464144415,0.0185555851737067,0.30049861402002964,0.6651258330839405,0.5309452271405941,0.5503938949243738,0.465866504370928,0.5157136233952189,0.45888611177044525,0.8299337797992858,0.26967345365486284,0.03255493620615435,0.8184855714584345,0.45082386336546776,0.32517110643548275,0.4949678624425231,0.31908970892179034,0.038739818590610486,0.4073699936494459,0.012583897731460958,0.0019990708440487115,0.8470344373136987,0.8754847311858287,0.3115217049908483,0.6519476218499796,0.29554732280917917,0.6602666696012236,0.26573796880410305]",,1,no,"[""3"",""4"",""3"",""3"",null,""4"",""1"",""4"",""3"",""3"",""1"",""3"",""3"",""2"",""4"",""2"",""2"",""4"",""4"",""3"",""3"",""2"",""4"",""3"",""4"",""3"",""2"",""2"",""4"",""3"",""2"",""3"",""3"",""3"",""3"",""4"",""4"",""2"",""3"",""2"",""3"",""3"",""3"",""3"",""3"",""2"",""2"",""2"",""2"",""2"",""2"",""4"",""2"",""3"",""3"",""3"",""3"",""2"",""3"",""3"",""4"",""2"",""3"",""4"",""3"",""2"",""2"",""3"",""3"",""4"",""3"",""3"",""4"",""2"",""3"",""3""]","[6335,5949,6552,4551,6104,7968,7672,5360,5480,9912,6416,5719,8327,5207,5984,5312,5551,5328,6232,5239,5416,5192,4840,5679,5665,5112,4655,4920,7200,5831,7280,6695,4848,4817,4848,4952,5079,5295,5784,4824,6375,5264,6911,7896,4455,6417,4905,4696,4600,4512,6807,5296,4895,4383,4864,4504,5367,5848,6759,5984,5240,4416,6280,5024,5016,5432,5032,4471,4151,4560,5456,5271,4872,4927,4575,4632]","[0,1,2,3,68,14,61,40,4,54,57,66,53,32,64,69,51,17,5,58,31,13,22,70,26,45,28,37,55,21,67,19,18,7,75,20,35,72,48,23,24,6,65,33,38,39,34,43,27,9,47,11,71,16,59,8,15,73,49,62,41,60,29,63,50,74,42,44,56,52,36,30,10,25,46,12]",1
"[0.7752749297303225,0.13707906752077137,0.4687134710004446,0.33957231138647836,0.33957231138647836,0.14604282585911,0.01794784845905295,0.5019218481734906,0.5418151683733035,0.014102820928528326,0.5520895740439937,0.19072601110869503,0.9750598986193864,0.2280619084718476,0.5423972947267546,0.883730330745846,0.491506347996181,0.889041243337499,0.17561825492605476,0.33617920865587125,0.6511715484258964,0.15627835352888497,0.16918678860635383,0.8456133432702364,0.8212102805544039,0.9567924731829229,0.17359686397370622,0.0635307770050999,0.3794589476155119,0.7144123052788987,0.7881224295225504,0.376393332834952,0.49330542600389626,0.2086947166810149,0.18638424788243424,0.9295283514920247,0.18637990111443425,0.21019064986543112,0.3909584872532006,0.49271168558452216,0.6265492114799458,0.11777719872969517,0.9863701177559769,0.6579816689871405,0.08797434087121836,0.021650878477360136,0.2740860381838732,0.5306123217860486,0.3958938888492347,0.5303975815316684,0.11185192978027958,0.3616171814370335,0.9613954677161094,0.32299124828417125,0.6407767537606248,0.3063702628796645,0.6039191358069247,0.49976082659123344,0.3908961422195403,0.7503562997858497,0.1793109820602976,0.8354623578791243,0.8777046318695296,0.7942854156859707,0.06945672357862853,0.18089270073543529,0.3732036799252154,0.6840443456767558,0.7884485988188132,0.896348060918865,0.32200974170696295,0.3675093543959611,0.47627013436975507,0.4961874899453733,0.10377801790993879,0.32282867618006716]",,1,no,"[""1"",""2"",""1"",""2"",null,""1"",""2"",""2"",""2"",""2"",""2"",""2"",""5"",""3"",""1"",""5"",""1"",""5"",""1"",""1"",""1"",""2"",""1"",""5"",""4"",""5"",""1"",""4"",""2"",""2"",""1"",""2"",""2"",""2"",""1"",""4"",""2"",""1"",""2"",""2"",""2"",""2"",""3"",""2"",""2"",""2"",""2"",""2"",""2"",""2"",""1"",""2"",""4"",""1"",""3"",""2"",""3"",""2"",""2"",""3"",""1"",""4"",""5"",""1"",""2"",""3"",""3"",""4"",""2"",""3"",""3"",""2"",""4"",""3"",""4"",""3""]","[5427,4553,5555,5403,8084,4714,4909,4588,4480,4434,5616,4228,4235,4877,4408,4103,4871,4667,5015,4953,4597,4362,4342,4589,4753,4519,5369,4263,4405,4961,5384,4494,5807,4528,4089,4104,4014,4388,4352,14850,6803,4396,4981,6125,3388,4030,4360,5497,4224,4604,4247,67607,11181,4369,3182,4248,4958,4153,4327,3081,18157,4887,3175,5064,4544,4389,4426,4202,4520,4341,3906,3220,4294,3232,3239,3944]","[0,1,2,3,31,29,28,68,51,45,39,60,20,38,50,54,46,40,55,73,62,30,24,64,7,58,12,42,16,13,6,35,47,23,4,43,57,65,44,17,15,74,14,34,41,26,71,48,11,52,70,75,61,67,19,66,69,27,37,10,25,5,33,63,9,22,72,21,53,32,56,59,36,49,18,8]",1
"[0.459925876544536,0.8574745286194081,0.9286018924436592,0.3289061049154185,0.3289061049154185,0.014674869500693966,0.06715074496317719,0.8327851033538922,0.20965360927599486,0.23658703083171106,0.5326144105679573,0.819121169610598,0.9299963377354059,0.41633836421698955,0.5751936546271117,0.733963639620391,0.3441644239971,0.3183128472931067,0.7189366451564485,0.44544000712795384,0.4829272859007727,0.536426127412551,0.11438881593274797,0.607943661383308,0.9451821163346215,0.541345240429886,0.6606811071991863,0.9078358168772223,0.037308369196823454,0.42405957607431977,0.10471993675491764,0.22366062505203632,0.04875459519827485,0.8550641461617765,0.0721504413055345,0.05215010315596347,0.7593507604997722,0.7802770179644194,0.676059920673098,0.7962160860308476,0.1544686859959068,0.6552360411195184,0.9876096830220351,0.4482460216060935,0.10185928084053275,0.7909045976916667,0.3182235365324815,0.8964347236093542,0.8328963970767447,0.14108015054398493,0.1254496356567203,0.018936515250342012,0.5791014064955009,0.5575022838871393,0.9610460905834506,0.889030767213375,0.11115909083399367,0.40723593143692915,0.343401091110376,0.2125022457024437,0.755480602806897,0.7495856624537001,0.742993325327953,0.3130071544749984,0.5902978745439695,0.5586082079615797,0.16555931535393253,0.2663481092565372,0.9395443940460926,0.5851357138630449,0.7986133886721565,0.5675860387125653,0.16232031057234453,0.19088775297650784,0.2484601916672564,0.5087030592827226]",,1,no,"[""2"",""4"",""3"",""4"",null,""2"",""3"",""5"",""2"",""4"",""2"",""1"",""5"",""4"",""4"",""2"",""5"",""2"",""3"",""5"",""4"",""2"",""3"",""3"",""4"",""5"",""1"",""4"",""2"",""3"",""2"",""2"",""5"",""4"",""2"",""5"",""3"",""2"",""1"",""2"",""3"",""4"",""2"",""1"",""4"",""5"",""3"",""4"",""2"",""3"",""2"",""5"",""1"",""2"",""4"",""4"",""2"",""2"",""5"",""2"",""3"",""2"",""5"",""4"",""2"",""4"",""2"",""4"",""3"",""3"",""5"",""1"",""4"",""3"",""1"",""3""]","[6848,7948,5849,143970,147845,6360,6437,7811,6554,9573,6663,7012,66632,6506,5737,5894,6714,6027,8551,6464,6165,5954,8426,6428,6002,6243,31574,5678,6212,6748,5991,5644,6218,6496,7481,7444,6262,6406,6732,6405,7465,9188,8594,6293,6255,6747,6500,5334,6000,5742,10134,6861,7233,6513,5912,6170,6234,6398,12574,8058,20179,5757,6464,8808,9763,5740,6676,9099,5612,5751,6427,6281,8240,11197,6487,6295]","[0,1,2,3,57,26,46,21,64,6,60,17,75,70,55,45,10,32,37,13,35,25,73,65,4,27,49,50,39,14,38,7,54,30,63,43,8,61,29,69,59,51,31,48,71,23,53,68,47,18,44,52,24,40,28,15,19,34,20,9,12,58,5,62,41,11,42,56,67,16,22,36,72,74,66,33]",1
"[0.5003041579557577,0.3056441237984737,0.5013678439219975,0.4980171551460413,0.4980171551460413,0.5074372881804161,0.9257360782431818,0.2462959671812881,0.5421497045216608,0.6087886309812414,0.5938568753568441,0.33897785334888053,0.6665291061535754,0.859201449701176,0.06413011311072725,0.6066632647131902,0.5996831742232867,0.4387571153219847,0.3311226056297534,0.8780166824939235,0.14118368185341912,0.5306909397369304,0.5351745090422508,0.27786794769090073,0.8635237306242223,0.905196367571999,0.3048754281942032,0.5108003818698317,0.26249498873444477,0.4703294902991275,0.4656955359434054,0.005508667893666441,0.0639213798636673,0.026676427515542223,0.8625896919325284,0.5511680055057875,0.6583987443137576,0.4714965061982994,0.19852851467570454,0.9033804746048382,0.8817148451512935,0.2699029761783929,0.6068158447603111,0.4293120743952741,0.1530517123486843,0.3190525897740286,0.775449119509898,0.6442694904984063,0.46594120057636834,0.0817943547611153,0.6067734923602013,0.9784229350558702,0.35542264385850153,0.19383806786591085,0.9908484922701728,0.2985076778247695,0.5920743836063198,0.48939021243143466,0.06357884156071303,0.4371931566380185,0.5227596734166282,0.7529442510439608,0.2175188598850324,0.6246045122566943,0.0573273482224399,0.07647568119992498,0.23277344119910448,0.9437961399533559,0.600461402784549,0.16031268291633882,0.3165742017860089,0.49698603489928916,0.8247238383927793,0.2509856132594597,0.9439946873033396,0.3791453619028746]",,1,no,"[""4"",""2"",""3"",""4"",null,""2"",""4"",""3"",""2"",""1"",""3"",""1"",""4"",""4"",""3"",""3"",""4"",""3"",""2"",""4"",""2"",""3"",""2"",""4"",""3"",""4"",""1"",""3"",""3"",""4"",""2"",""3"",""4"",""4"",""2"",""3"",""4"",""3"",""1"",""4"",""3"",""2"",""2"",""2"",""4"",""1"",""4"",""3"",""4"",""4"",""3"",""3"",""4"",""5"",""2"",""5"",""2"",""1"",""4"",""5"",""2"",""2"",""1"",""2"",""3"",""2"",""1"",""1"",""3"",""4"",""2"",""3"",""4"",""1"",""4"",""3""]","[9691,8762,5703,4815,11734,4297,4469,3880,5017,5086,4164,4692,4194,3872,4966,6291,4050,4184,4213,4072,5179,3982,3711,4681,7080,4234,4640,4759,5054,5277,3942,4508,5085,3596,4124,3478,5248,4977,4884,4113,3881,4457,4347,3965,4326,4156,3668,4255,3910,4733,4428,5427,4550,3554,3791,4568,3679,4104,3608,3698,3973,3606,3913,5066,3921,4203,4032,3709,4489,4448,4318,5289,3579,3900,4935,5847]","[0,1,2,3,59,75,67,38,40,34,29,73,68,52,36,22,17,33,53,50,46,62,19,54,4,72,71,44,56,13,18,63,61,20,12,48,49,41,14,70,27,35,8,10,42,43,58,65,5,15,32,55,51,7,9,6,21,23,30,11,31,28,39,66,24,60,37,57,45,64,16,74,25,69,26,47]",2
"[0.30608380409849234,0.21440128713634965,0.0803068188074727,0.026876466604428106,0.026876466604428106,0.7351512528790278,0.9835154121179301,0.6827759636784221,0.9714878414498189,0.5256703872791217,0.9625549951070329,0.48726094340474124,0.1122639879653442,0.11419468989262627,0.37073318633855235,0.12445513720724222,0.5842765367834857,0.708285480324949,0.1948994477969117,0.8806639191565093,0.3984290014064409,0.19336673107404012,0.18054753275553104,0.9851754771304793,0.47111018495148005,0.24717387366459076,0.16136651419781667,0.6142514400235632,0.8139958847652273,0.6452405343075083,0.19595268713190062,0.34891436171477097,0.1004920540188603,0.5770826131631897,0.880120327371761,0.14795676948501035,0.9178667284265634,0.531648072885899,0.18891660252052933,0.13819081855562265,0.2449367258387436,0.6950008479175893,0.6276498064149851,0.7501333734518181,0.9406706767239166,0.11382295838290091,0.47140021121881137,0.36571111905712317,0.018949524461984613,0.020968122452985627,0.26367154855723185,0.5270526114856631,0.02638611352141429,0.2011816146208889,0.06513549663438312,0.35869298466322763,0.4244322517896151,0.36869888431065534,0.9067922657833059,0.7677797613685626,0.5656758232481158,0.10482767901113044,0.6393522218150927,0.418613293359243,0.6597198696793598,0.9208239505281097,0.19855063480724677,0.13165735865743478,0.6577639258526051,0.03886049992794405,0.12047454681089498,0.3881264275294356,0.8221380338012954,0.3024578077136433,0.6559880045040762,0.16493412886189684]",,1,no,"[""2"",""3"",""4"",""2"",null,""5"",""2"",""3"",""2"",""2"",""3"",""3"",""4"",""3"",""2"",""2"",""4"",""2"",""2"",""2"",""3"",""3"",""4"",""5"",""3"",""3"",""2"",""2"",""4"",""2"",""3"",""2"",""4"",""3"",""2"",""2"",""4"",""3"",""1"",""4"",""1"",""5"",""2"",""2"",""5"",""4"",""2"",""2"",""4"",""5"",""4"",""1"",""3"",""4"",""2"",""2"",""5"",""3"",""1"",""4"",""5"",""1"",""3"",""2"",""2"",""4"",""2"",""4"",""3"",""2"",""2"",""1"",""5"",""2"",""2"",""3""]","[6585,4595,5514,5517,7950,5143,4720,4737,5167,4849,4714,5219,6678,5048,6484,5821,4872,4760,4594,5093,5040,4727,4680,5420,5635,5784,6160,6160,4840,6047,5152,4840,4817,7175,4660,4930,4740,6769,5341,4860,4750,5221,4999,5202,6064,4889,4399,4665,4185,4533,4717,5180,4390,5640,4609,4765,4816,5219,4357,4760,4437,4253,5125,5188,4406,3980,4390,4249,4615,4295,4169,5080,4319,4630,4770,4480]","[0,1,2,3,13,65,69,18,72,48,46,8,20,47,21,34,42,66,33,30,4,19,49,29,41,70,39,56,54,25,7,16,40,6,55,45,14,75,64,59,51,68,32,26,52,67,53,28,24,5,50,36,35,62,31,58,9,15,37,61,10,57,23,74,60,43,11,38,63,22,17,73,12,27,71,44]",2
"[0.8506682573356348,0.22900706326974984,0.3963504461900793,0.4656930160136479,0.4656930160136479,0.15984573712056305,0.9133845223399295,0.7128604013820685,0.9106259004683825,0.2058234716827545,0.12344333632707727,0.9691433697897862,0.21551106156394773,0.3093231320923917,0.5908583324748478,0.17390071829343245,0.554804111716789,0.8322849830503005,0.3576298954913797,0.14746495120385017,0.5975993753847582,0.13875229597236038,0.5809842570492882,0.8783266953623214,0.9297469381176156,0.4139199737388566,0.6760508021773453,0.2918328709546347,0.6561631264013956,0.12714848563242165,0.27222165594606307,0.7569911056025791,0.04369122503955114,0.17091475480270102,0.8397706700878678,0.9161180368335853,0.6594845748884872,0.01798013169755941,0.9587028441682803,0.6922864023618052,0.6253740658512752,0.147354627304918,0.5372061786030242,0.8912755586600614,0.2826111493449741,0.930378348738532,0.8623698329036331,0.0594098856025147,0.12527667912116103,0.14283896037945043,0.10503889544804323,0.6960573849537612,0.8821639162600827,0.3860523929794377,0.5796474327265546,0.8877757950678391,0.38143136743143424,0.4053838128006686,0.853232009363958,0.538195157622148,0.8728111446160172,0.7678619111631464,0.8056568903223131,0.4244208811064931,0.5561487883220082,0.6988743916445188,0.8502495163689279,0.7288578533748857,0.2681364005461089,0.07228588159312621,0.49331345056297105,0.5354210016557077,0.745034490658302,0.21279370869604453,0.05467134958149655,0.7688075300972854]",,1,no,"[""3"",""3"",""4"",""3"",null,""2"",""3"",""2"",""4"",""4"",""2"",""4"",""3"",""2"",""4"",""3"",""3"",""4"",""2"",""2"",""2"",""4"",""4"",""2"",""3"",""2"",""4"",""3"",""2"",""4"",""4"",""2"",""3"",""4"",""2"",""4"",""3"",""2"",""2"",""4"",""3"",""4"",""1"",""3"",""4"",""3"",""3"",""4"",""4"",""3"",""2"",""4"",""3"",""2"",""4"",""4"",""3"",""2"",""2"",""4"",""3"",""4"",""4"",""3"",""2"",""2"",""2"",""4"",""4"",""3"",""4"",""4"",""4"",""3"",""4"",""3""]","[5058,4790,6008,6627,9294,4813,5728,5025,4529,4882,4627,4911,5029,5000,5352,5333,3931,4862,4793,5588,4960,4401,5107,4392,3960,4078,4529,6312,4373,4048,4678,4901,4372,4745,4744,5931,4097,5744,4441,4598,4960,5754,5647,3890,4323,4068,4058,3990,5412,5174,4108,4323,4205,5029,4941,5039,3989,4333,5215,5431,4981,5735,4676,4685,4353,4362,4362,4667,4931,4490,5706,4382,4177,5744,4538,4118]","[0,1,2,3,12,22,68,36,4,70,11,8,45,35,40,26,31,29,38,19,67,74,39,9,57,23,60,41,24,62,52,16,18,21,49,71,48,47,65,14,54,75,34,58,56,42,43,50,28,51,61,37,7,30,25,72,44,15,5,59,33,10,64,69,55,46,17,63,20,6,13,73,27,32,53,66]",1
"[0.23787063889101456,0.635271612071987,0.17357381534228322,0.044378700466694676,0.044378700466694676,0.0887933008053321,0.37207928423566083,0.91390736403684,0.18631858799116374,0.46912607474860213,0.6762373422825365,0.8179229518396636,0.12263672198540965,0.0583859388507213,0.5344659803771827,0.16473503971965076,0.7569200262569484,0.21639560002284863,0.5754337785472992,0.9173484216391461,0.1472771596949094,0.48501940970698576,0.7469353557949372,0.44090935017824795,0.397942223049492,0.7504565340451397,0.004740791840066372,0.1760408786253247,0.9172190161943448,0.9109806040828221,0.7732561556854847,0.13056672256584245,0.2689520866892292,0.6819519750470988,0.4731994361745888,0.13053464464089326,0.5628480652227199,0.1803845909045083,0.7794250816575163,0.5298755681148033,0.8370338186695334,0.7005048853867843,0.6650485765771763,0.41422455903060107,0.559259094010456,0.7290883509067387,0.00040521732539833266,0.5131578714955081,0.6666678385484046,0.7087246908813667,0.29834918102430663,0.12058054274580421,0.9396934072453251,0.9067699939250926,0.19668545339002774,0.692298581478054,0.1189678446815785,0.10071679508487197,0.6162673954378215,0.13241716005260562,0.5460869334231122,0.9012414573769159,0.436419488284844,0.9639676212248316,0.6443610477930406,0.8772011635049126,0.20347421637116225,0.9604164517278628,0.21587323701566818,0.4049514109286294,0.19095341863413773,0.9921550353560877,0.6673766857836221,0.382887984218913,0.1460440073834024,0.6748642826643578]",,1,no,"[""3"",""2"",""2"",""3"",null,""2"",""1"",""2"",""4"",""5"",""1"",""5"",""5"",""2"",""3"",""4"",""2"",""5"",""3"",""4"",""4"",""2"",""1"",""2"",""4"",""4"",""2"",""3"",""2"",""5"",""4"",""2"",""3"",""2"",""3"",""4"",""3"",""2"",""1"",""3"",""4"",""4"",""3"",""4"",""4"",""5"",""1"",""2"",""4"",""4"",""2"",""2"",""2"",""5"",""1"",""1"",""5"",""2"",""5"",""4"",""4"",""2"",""3"",""2"",""4"",""1"",""4"",""5"",""3"",""2"",""5"",""4"",""2"",""1"",""1"",""3""]","[15975,8641,6930,6381,128537,8525,12301,6431,7164,7152,5623,5293,5585,6024,6771,5942,5049,5909,5271,5445,4858,5607,5403,5564,8568,5155,6533,5455,5057,4984,6936,5928,6025,6317,7355,7784,5601,8725,6010,4710,5557,7171,6769,7861,9247,7090,5282,5424,6357,6113,12841,6239,5865,4699,5659,5271,5877,5387,5679,7159,4938,5115,6163,6874,5085,6368,5630,5091,5445,5535,6599,6266,6395,6339,5150,5301]","[0,1,2,3,19,32,63,55,38,27,15,12,34,42,75,60,50,59,14,9,73,41,53,13,33,47,35,30,17,7,10,49,40,5,23,21,74,29,62,18,6,20,66,36,16,56,70,71,46,22,28,37,69,48,39,4,51,44,26,24,72,68,8,45,57,11,64,67,43,31,52,61,54,58,65,25]",1
"[0.6455610123900599,0.48863922542546634,0.07719299736810803,0.006184629748488657,0.006184629748488657,0.9205813379895003,0.7002836882526873,0.7409698839162702,0.666691379784818,0.10078263972642687,0.8105155807516418,0.4416915958932943,0.24707263763270926,0.33641971289245975,0.48444796603008644,0.2564423585962732,0.7920433242720422,0.48470151025740416,0.5708942585338777,0.8163353497082602,0.38734079988648173,0.12218256880553158,0.8488390022578356,0.08423981983291995,0.9418760825712054,0.3249531647855177,0.2850807806639164,0.2895622634894288,0.2189178740678448,0.9207233905899483,0.753645190650861,0.012515802137008647,0.595632118933062,0.6089162829718573,0.24585679053201037,0.9059125496864373,0.24954901960796505,0.8540285838141788,0.19566915525640338,0.6996576020800893,0.7091310268774709,0.3984827253001091,0.8140741604950779,0.961117774448832,0.436524306272809,0.6174292600558919,0.1915654841682357,0.8707489305752949,0.7742765144603463,0.3991312379710057,0.6479449299011057,0.28508109368292045,0.9186061648890385,0.27830754449983175,0.49094948997734256,0.39376077539314447,0.230918358567487,0.3392370981326229,0.21915618603794496,0.6408610096220873,0.2689256485571765,0.5675334267408993,0.17743408353574552,0.19169837851760052,0.013553037787096933,0.022059466600200528,0.0794950809873789,0.4331561918936606,0.5408558774781971,0.9589963038860057,0.9012435196247366,0.4796151416361054,0.22653074819082897,0.03313246895887256,0.7667745304315257,0.539423975234725]",,1,no,"[""4"",""2"",""2"",""3"",null,""4"",""2"",""2"",""5"",""3"",""2"",""3"",""4"",""5"",""2"",""5"",""2"",""2"",""1"",""3"",""4"",""3"",""4"",""4"",""4"",""3"",""4"",""2"",""2"",""3"",""1"",""5"",""1"",""2"",""5"",""2"",""3"",""2"",""2"",""3"",""2"",""2"",""5"",""2"",""1"",""4"",""2"",""5"",""1"",""5"",""2"",""5"",""3"",""4"",""1"",""4"",""4"",""5"",""5"",""3"",""4"",""2"",""5"",""3"",""5"",""2"",""4"",""2"",""3"",""3"",""4"",""2"",""4"",""5"",""2"",""3""]","[7338,5908,4685,4319,8852,4659,5299,4926,4807,5488,4754,5322,5612,5593,4920,5432,4422,4517,4947,4886,5045,5113,4744,5294,4965,4713,5520,5506,5047,6535,4669,5172,4555,5559,5186,4553,4473,4558,4840,4675,4395,5578,4551,4263,4464,5143,4679,4285,5181,5053,4621,5406,4977,4614,4697,5608,5224,5086,4821,4872,6473,4691,5677,5270,4513,4660,4123,4804,4188,4403,5035,5103,4727,5717,5601,5745]","[0,1,2,3,63,67,46,64,58,49,14,11,6,4,61,26,34,29,10,22,71,72,55,68,73,30,21,19,35,23,41,65,12,74,32,39,18,37,53,31,25,17,47,33,70,56,13,15,50,60,9,51,44,16,7,5,8,62,59,40,52,28,20,36,38,48,69,75,45,43,54,66,57,27,24,42]",2
"[0.7071857353214538,0.9658562361733352,0.1600437873353826,0.1016066918322227,0.1016066918322227,0.5928356433485292,0.1553283558563251,0.7498401093897866,0.413382078049331,0.11559410925291169,0.28827719730086,0.9416296134542809,0.37362379475567065,0.22075210273703338,0.4087255486936874,0.08428618672939703,0.645876628488745,0.7875669693707227,0.2832934308471654,0.47249450045666463,0.7246454380912062,0.3823202970359837,0.1686082749401191,0.8710159315995617,0.23255261354193557,0.14860937764113702,0.38325036934534273,0.42016898585833795,0.6494042178865888,0.1442816887832601,0.8976481910987115,0.2748574811359381,0.059273163890872116,0.9590342519132204,0.6324362379110803,0.02832742382255804,0.7080202069638487,0.9001857204029802,0.168330849649718,0.6424382937877984,0.9655638309884474,0.33065016657838675,0.7733269803076922,0.812391303881894,0.5295258894801066,0.5324502186835107,0.9484169200755758,0.34158650417887004,0.12411724973994986,0.48899705537358185,0.41153287640546976,0.5292748628878757,0.13086718771157824,0.0075199026449446205,0.349404030870928,0.8858915792666985,0.04920316240374778,0.8612754455330858,0.774119926453165,0.9967230725941959,0.6165006071284175,0.7233115814337062,0.20599014618459022,0.7946783027031231,0.5531397368982406,0.01836471429672315,0.084783304152386,0.45819067432033267,0.4712262550393964,0.11646589940571228,0.7986735001401817,0.9051154443410871,0.2585627554090414,0.7009595686801212,0.988160534301792,0.3269517415024574]",,1,no,"[""4"",""2"",""3"",""2"",null,""4"",""3"",""5"",""3"",""2"",""1"",""3"",""2"",""3"",""4"",""1"",""5"",""3"",""1"",""3"",""3"",""2"",""1"",""1"",""2"",""2"",""3"",""3"",""5"",""3"",""3"",""1"",""4"",""3"",""3"",""4"",""4"",""2"",""1"",""5"",""2"",""1"",""3"",""4"",""4"",""5"",""1"",""2"",""2"",""4"",""5"",""3"",""3"",""1"",""1"",""1"",""1"",""4"",""4"",""1"",""5"",""5"",""1"",""4"",""5"",""2"",""1"",""4"",""5"",""3"",""5"",""1"",""1"",""5"",""1"",""3""]","[9526,8234,7310,8234,21311,5367,5289,6408,6193,6682,5941,6154,5604,5176,6807,5001,5691,5390,6304,5088,6505,5916,6493,4874,5539,6329,5211,6841,4950,6816,5214,5249,7320,6414,6298,6270,5774,5489,6653,5187,5952,5438,6429,4998,5765,4574,5676,6114,5300,5599,7041,7278,5763,5428,6599,4773,4260,5223,5011,5974,5938,5085,6327,5336,4461,5883,4834,6050,4710,5988,4539,4680,6223,4936,4974,5398]","[0,1,2,3,37,25,4,68,66,21,8,5,11,48,35,70,44,7,31,6,60,75,32,58,38,20,23,19,55,63,64,57,50,74,24,34,33,28,36,41,15,69,30,42,13,14,59,17,46,61,29,52,71,45,16,22,43,54,56,72,49,27,18,26,10,53,9,51,12,40,39,47,65,73,62,67]",1
"[0.3099083664676793,0.8525567872358022,0.46630159740249744,0.9346436969712177,0.9346436969712177,0.2894292517055662,0.6846443090817269,0.991917251565958,0.5703435869719697,0.5683826542169962,0.2797351320341783,0.9841503723789146,0.31197623965633925,0.022753903208373893,0.594512168858282,0.9963158084016406,0.871884067898152,0.11462194932242176,0.8317133703036224,0.8071198044417265,0.41803384462303295,0.9937264234225099,0.527440676946888,0.17327623564481553,0.7169714827288006,0.44081480661862105,0.5130273577556156,0.44849736760635983,0.5248001459186996,0.19464124041128483,0.3537655358598566,0.2316706230297908,0.031238671089014014,0.8260039504398211,0.7709500841424719,0.05141944722527758,0.338107270893898,0.7374906433068888,0.5074512631890324,0.8222594370956519,0.05221921517061312,0.126344952405415,0.7986940596239166,0.8292626773568547,0.15363636245441303,0.8582181271821415,0.48613744720463037,0.15230223766564321,0.14395401209719239,0.26153324102410547,0.9089679417987969,0.9955129756060042,0.33101952297628023,0.3811594963200515,0.07354983029112516,0.09898000296384835,0.4588993177399948,0.7943070177498024,0.8197828665953022,0.8558436196665373,0.6393207801686979,0.301685583906805,0.08926129555852025,0.8902308498224996,0.3218393936711176,0.5553923420811632,0.7115731240370597,0.5087224329940268,0.7944972187559137,0.6748495494649522,0.10181241532766883,0.3347410789297901,0.7739309903745175,0.10186564969395939,0.1505374785307123,0.03599832994125429]",,1,no,"[""2"",""4"",""4"",""3"",null,""2"",""2"",""3"",""4"",""3"",""3"",""2"",""4"",""2"",""4"",""2"",""2"",""4"",""3"",""2"",""2"",""4"",""2"",""3"",""4"",""4"",""4"",""2"",""4"",""2"",""2"",""2"",""1"",""4"",""2"",""3"",""4"",""2"",""4"",""2"",""3"",""4"",""2"",""4"",""2"",""4"",""2"",""3"",""4"",""3"",""2"",""3"",""2"",""4"",""3"",""2"",""2"",""4"",""2"",""3"",""4"",""2"",""2"",""4"",""4"",""2"",""4"",""2"",""4"",""4"",""2"",""4"",""4"",""2"",""4"",""4""]","[7359,7977,4984,8362,25357,6412,5732,5068,4571,4942,6565,5676,5668,7021,6840,5195,7928,5395,5647,4976,5585,5726,4839,6021,5330,4103,3967,6531,5170,5139,4700,10595,5282,4357,4681,6694,5012,4621,4560,4394,4733,4614,4477,5049,4530,4706,4894,4813,4685,5005,4152,4234,4596,4220,5687,5656,4766,4504,4131,4132,5326,4619,4575,4675,4735,4652,4678,4455,4357,4210,4614,5243,4243,6101,5614,4971]","[0,1,2,3,35,30,49,41,65,34,54,33,50,68,71,16,52,24,15,44,29,45,40,66,67,7,58,18,14,32,28,62,39,37,42,59,70,8,11,73,13,72,36,53,9,12,60,46,55,5,27,69,43,20,75,74,4,19,57,17,10,22,25,6,56,26,47,61,51,63,38,48,31,21,23,64]",2
"[0.2672586803782757,0.447303637185243,0.8922425296686349,0.4484674800895945,0.4484674800895945,0.9656502462754863,0.013146701574092035,0.5579779719674962,0.49545454390395327,0.6325871133903835,0.44386335393626286,0.07545015355735729,0.6170667405414203,0.2406172394729993,0.40662381447541796,0.5678080044938243,0.7230749429885328,0.6128716117921045,0.8071497582697651,0.8203290106126151,0.389768063744784,0.5732225344839694,0.004520170538198087,0.9599432228862002,0.8720346892573405,0.0025258260555014456,0.02162287853092315,0.5507369683209644,0.8587072280360146,0.47882451756811606,0.0952229169794605,0.17610410595376025,0.42601315326925193,0.7874253436722196,0.9538190740689279,0.03051057200057361,0.3036920718664955,0.6355732571200998,0.44448907615208255,0.9036187176480093,0.938620019152345,0.5294630008575054,0.6578409521243711,0.7633678822578858,0.6848075111846466,0.9400987161968808,0.4996901899837185,0.2330134757348763,0.9078127947491221,0.08193883636197352,0.16069732128483727,0.9324476511364521,0.5815505178025784,0.3869570611773143,0.44117755029327865,0.7304421966146619,0.2799142390304008,0.40473694856813336,0.527048903910553,0.8023666348743512,0.5142189004267794,0.14268272102846669,0.09756526345036054,0.9420044186335732,0.8903390216583782,0.17660656570739275,0.7565584254750992,0.657451661691884,0.11172848449695483,0.6302801471004793,0.4200572773274276,0.05019459409821159,0.4559474084118851,0.6043140752392038,0.07761609452877294,0.8455871721140806]",,1,no,"[""1"",""3"",""1"",""5"",null,""3"",""3"",""3"",""1"",""2"",""5"",""2"",""2"",""2"",""2"",""1"",""4"",""1"",""4"",""5"",""5"",""5"",""2"",""4"",""5"",""1"",""5"",""5"",""5"",""1"",""1"",""3"",""5"",""3"",""2"",""2"",""2"",""1"",""1"",""5"",""5"",""1"",""5"",""5"",""5"",""5"",""4"",""4"",""5"",""2"",""1"",""5"",""1"",""4"",""5"",""1"",""1"",""1"",""4"",""1"",""5"",""5"",""5"",""1"",""5"",""5"",""5"",""5"",""2"",""2"",""5"",""1"",""1"",""5"",""3"",""3""]","[4684336,4296,4708,7052,8493,4982,5221,4671,7449,7137,4572,5453,5143,11897,9771,6111,6709,8251,12547,4710,5529,4676,4462,11886,4405,5610,5961,6328,19078,4869,4550,8581,5005,13473,5384,7652,4420,5336,5085,7625,4645,6098,9606,4933,4757,5190,5688,11999,8274,8194,4803,5079,4638,6455,4605,4823,5397,4389,4894,5463,5094,4565,5520,8217,4790,5181,5311,7949,23293,5833,5263,5871,5895,5431,5005,5856]","[0,1,2,3,22,69,45,32,5,41,54,60,35,37,75,51,38,14,52,70,29,36,21,25,67,7,68,8,34,72,4,33,65,49,47,15,58,13,64,43,16,39,24,31,20,40,30,12,48,56,17,57,28,18,10,66,59,42,23,53,27,62,50,26,11,9,73,63,55,74,46,61,44,19,71,6]",1
"[0.27843828209328436,0.8790159180650366,0.3299079994137125,0.39825434700025286,0.39825434700025286,0.9357239445480621,0.948785663323203,0.6243025653795261,0.6787042261753883,0.5563913589838484,0.26615234849264846,0.7085270216845027,0.15928665407038545,0.131474698959698,0.6947195141856002,0.7171399260409821,0.8397487591290759,0.3365278967379495,0.0189925581617143,0.2793787264886517,0.8913684669651822,0.7468292440373728,0.5096194298456438,0.9812653361497141,0.8622200113421933,0.6288683684496569,0.5527477818126234,0.56593596823674,0.6022044214632781,0.02689035064741263,0.581973968879187,0.13188503944719143,0.041328608630706754,0.8732129454503711,0.3272843654897014,0.48477921802322954,0.013951190899012311,0.7268488253968711,0.8003588416205416,0.19440858515464043,0.565315948006067,0.09136844234274422,0.6434919325760001,0.6019770975276483,0.5145471898255208,0.002663833291917772,0.8227215056292693,0.6026222854364256,0.8241709875793447,0.3483144946559317,0.9148875294413845,0.31437147120194986,0.5580674740403367,0.14178243972831184,0.05991573089446334,0.4921937171209765,0.8848821612843606,0.7421894564349759,0.4411120536717814,0.17505792283238564,0.8938507332590057,0.12416461264689538,0.8209655722967089,0.2786235540930264,0.07487815519238983,0.07733563724677894,0.48387995375594106,0.05444264495264328,0.3314523035361361,0.2640473851819104,0.48729489458455266,0.2358536803108653,0.8987872384199593,0.8375678242025397,0.01605598036741318,0.013742850730163347]",,1,no,"[""2"",""3"",""2"",""2"",null,""3"",""4"",""2"",""4"",""2"",""1"",""2"",""1"",""5"",""2"",""2"",""4"",""2"",""1"",""3"",""2"",""2"",""1"",""1"",""4"",""1"",""2"",""1"",""1"",""4"",""5"",""1"",""3"",""2"",""4"",""5"",""5"",""2"",""4"",""2"",""4"",""1"",""5"",""2"",""4"",""2"",""2"",""5"",""1"",""2"",""4"",""4"",""3"",""4"",""4"",""2"",""2"",""2"",""5"",""3"",""2"",""2"",""1"",""1"",""2"",""2"",""2"",""1"",""1"",""1"",""2"",""4"",""2"",""5"",""1"",""2""]","[6772,5351,5254,4936,11016,4921,5007,5271,4824,4584,6423,5192,5273,4968,5256,5429,6001,4560,5545,4972,4339,4145,4550,4776,5194,4086,4198,5416,5624,5632,4847,5178,4993,6620,6224,6923,4456,5201,5013,4284,6998,6077,5281,5527,4577,5106,4918,4263,5336,4633,4789,5289,23783,5017,5292,5118,4881,5692,4405,5144,4588,4768,4512,5824,4281,4399,4624,4771,4748,4817,5222,5227,4342,5359,4807,4705]","[0,1,2,3,72,64,17,21,11,45,70,40,19,34,56,57,36,35,22,55,33,49,71,13,16,67,4,53,51,50,63,39,75,27,7,37,8,30,61,41,24,10,74,25,12,5,58,14,44,43,23,26,46,29,42,48,38,32,20,47,28,15,68,54,6,69,62,9,73,31,18,66,59,60,65,52]",2
"[0.7919954329432479,0.5386692892620979,0.29357242957073604,0.8778932255160479,0.8778932255160479,0.9782891654966832,0.13671615356621047,0.24817000656640653,0.5304474359084865,0.3839925350885045,0.44327063345633233,0.1986866155245035,0.6637856859214635,0.5187283903284488,0.24699712643197436,0.23659664736182773,0.2099367631977216,0.38757805996220296,0.040420694682462566,0.8779223607250783,0.6675154268827468,0.5005930412939321,0.7462427121595387,0.33134930393919015,0.8401545569334308,0.06209070055499222,0.054796322083254356,0.9166322447767223,0.5230071997738592,0.399733547644036,0.09847283107739369,0.12493543354964176,0.7758168877729461,0.3764329819199381,0.48318575204093994,0.005521190596916359,0.6990624406283064,0.26361083281461806,0.9824144891204205,0.5466627124518599,0.34151639411030277,0.7289741514285504,0.9152020251954862,0.9993455032846568,0.5647992515170064,0.9795896511166189,0.06758934031939923,0.3852420491542079,0.19409540406687542,0.9412419366892044,0.5390427451272031,0.9024770995657596,0.9981927357142821,0.16774609053452139,0.3279148966734551,0.8596376949323647,0.17270107745827623,0.3131578713881802,0.781562650593496,0.9348401387369656,0.9612053415408874,0.7356055551509442,0.6144738006681385,0.5632537236378365,0.2457866908892199,0.8770926363430858,0.3284435916981101,0.19795292904124184,0.4674561103218864,0.07005969663705325,0.831263625313744,0.6029202190589431,0.7853241598321412,0.17846792884620877,0.1647133597030448,0.7352989593750565]",,1,yes,"[""2"",""2"",""2"",""3"",null,""3"",""2"",""2"",""3"",""4"",""4"",""4"",""4"",""4"",""3"",""1"",""1"",""3"",""3"",""2"",""2"",""4"",""3"",""3"",""3"",""2"",""2"",""3"",""4"",""4"",""2"",""2"",""3"",""2"",""4"",""3"",""2"",""2"",""2"",""4"",""2"",""4"",""3"",""4"",""2"",""4"",""4"",""2"",""2"",""2"",""5"",""1"",""3"",""2"",""2"",""4"",""2"",""3"",""3"",""2"",""2"",""4"",""4"",""5"",""2"",""4"",""2"",""2"",""4"",""1"",""2"",""4"",""3"",""2"",""2"",""3""]","[5092,4289,4583,4685,7897,4472,4214,4102,5442,5122,5635,4893,4996,3761,4655,4838,4282,3720,4374,4006,4304,3678,4102,5290,4342,3911,3874,4797,4292,4979,4404,4214,4000,4168,3988,3748,4375,3754,4530,4758,4178,4357,3977,4959,4154,3688,5092,4034,4042,3847,3837,4537,4073,5044,4468,4108,4480,4611,3744,4129,5011,4025,4144,3825,4203,4184,3960,4165,4819,4535,4037,4485,4702,4095,4675,4644]","[0,1,2,3,47,69,44,14,65,72,74,66,39,17,20,41,11,43,71,37,45,68,46,7,40,21,63,28,73,35,12,33,23,38,27,53,57,19,42,25,10,6,16,18,36,56,61,51,49,15,62,8,5,67,54,4,48,70,32,22,60,30,50,9,29,26,55,58,64,59,31,52,13,75,24,34]",1
